[
  {
    "id": "fhir.profiling.example",
    "type": "ImplementationGuide",
    "url": "http://127.0.0.1:5500/fhir",
    "version": "0.1",
    "name": "ExampleProfilingIG"
  },
  {
    "id": "ramones",
    "type": "ValueSet",
    "url": "http://example.org/fhir/ValueSet/ramones",
    "version": "0.1",
    "name": "Ramones"
  },
  {
    "id": "observation-status",
    "type": "CodeSystem",
    "url": "http://hl7.org/fhir/observation-status",
    "version": "0.1",
    "name": "ObservationStatus",
    "oids": [
      "2.16.840.1.113883.4.642.4.401"
    ]
  },
  {
    "id": "BodyTemperature",
    "type": "StructureDefinition",
    "url": "https://example.org/fhir/StructureDefinition/BodyTemperature",
    "version": "0.1",
    "name": "BodyTemperature"
  },
  {
    "id": "FavoriteRamoneExtension",
    "type": "StructureDefinition",
    "url": "https://example.org/fhir/StructureDefinition/FavoriteRamoneExtension",
    "version": "0.1",
    "name": "FavoriteRamoneExtension"
  },
  {
    "id": "MyPatientProfile",
    "type": "StructureDefinition",
    "url": "https://example.org/fhir/StructureDefinition/MyPatientProfile",
    "version": "0.1",
    "name": "MyPatientProfile"
  },
  {
    "id": "ramones",
    "type": "CodeSystem",
    "url": "https://www.ramones.com",
    "version": "0.1",
    "name": "Ramones"
  }
]