<?xml version="1.0" encoding="UTF-8"?>

<CodeSystem xmlns="http://hl7.org/fhir">
  <id value="ramones"/>
  <text>
    <status value="generated"/><div xmlns="http://www.w3.org/1999/xhtml"><p>This code system <code>https://www.ramones.com</code> defines the following codes:</p><table class="codes"><tr><td style="white-space:nowrap"><b>Code</b></td><td><b>Display</b></td><td><b>Definition</b></td></tr><tr><td style="white-space:nowrap">joey<a name="ramones-joey"> </a></td><td>Joey Ramone</td><td>Jeffrey Hyman: vocalista principal (1974-96) y batería (1974), (fallecido en 2001)</td></tr><tr><td style="white-space:nowrap">johnny<a name="ramones-johnny"> </a></td><td>Johnny Ramone</td><td>John Cummings: guitarra (1974-96), (fallecido en 2004)</td></tr><tr><td style="white-space:nowrap">deedee<a name="ramones-deedee"> </a></td><td>Dee Dee Ramone</td><td>Douglas Colvin: bajo y vocalista (1974-89), (fallecido en 2002)</td></tr><tr><td style="white-space:nowrap">tommy<a name="ramones-tommy"> </a></td><td>Tommy Ramone</td><td>Thomas Erdelyi: batería (1974-78), (fallecido en 2014)</td></tr><tr><td style="white-space:nowrap">marky<a name="ramones-marky"> </a></td><td>Marky Ramone</td><td>Marc Bell): batería (1978-83, 1987-96)</td></tr><tr><td style="white-space:nowrap">richie<a name="ramones-richie"> </a></td><td>Richie Ramone</td><td>Richard Reinhardt: batería, corista (1983-87)</td></tr><tr><td style="white-space:nowrap">elvis<a name="ramones-elvis"> </a></td><td>Elvis Ramone</td><td>Clement Bozewski: batería (1987, solo dos conciertos)</td></tr><tr><td style="white-space:nowrap">cj<a name="ramones-cj"> </a></td><td>C. J. Ramone</td><td>Christopher Joseph Ward: bajo, corista (1989-96)</td></tr></table></div>
  </text>
  <url value="https://www.ramones.com"/>
  <version value="0.1"/>
  <name value="Ramones"/>
  <title value="Ramones Code System"/>
  <status value="active"/>
  <experimental value="true"/>
  <date value="2023-06-27T16:25:58-05:00"/>
  <publisher value="HL7 Colombia - Official Affiliate of Health Level Seven International"/>
  <contact>
    <name value="HL7 Colombia - Official Affiliate of Health Level Seven International"/>
    <telecom>
      <system value="url"/>
      <value value="http://www.hl7co.org"/>
    </telecom>
    <telecom>
      <system value="email"/>
      <value value="nombre@example.com"/>
    </telecom>
  </contact>
  <contact>
    <name value="Carolina Rodriguez"/>
    <telecom>
      <system value="email"/>
      <value value="carolina.rodriguez@example.org"/>
      <use value="work"/>
    </telecom>
  </contact>
  <contact>
    <name value="Juan Pérez"/>
    <telecom>
      <system value="email"/>
      <value value="juan.perez@example.org"/>
      <use value="work"/>
    </telecom>
  </contact>
  <description value="Codes of the members of the Punk Rock band Ramones"/>
  <jurisdiction>
    <coding>
      <system value="urn:iso:std:iso:3166"/>
      <code value="CO"/>
      <display value="Colombia"/>
    </coding>
  </jurisdiction>
  <purpose value="This FHIR resource type CodeSystem has been created for educational purposes."/>
  <content value="complete"/>
  <count value="8"/>
  <concept>
    <code value="joey"/>
    <display value="Joey Ramone"/>
    <definition value="Jeffrey Hyman: vocalista principal (1974-96) y batería (1974), (fallecido en 2001)"/>
  </concept>
  <concept>
    <code value="johnny"/>
    <display value="Johnny Ramone"/>
    <definition value="John Cummings: guitarra (1974-96), (fallecido en 2004)"/>
  </concept>
  <concept>
    <code value="deedee"/>
    <display value="Dee Dee Ramone"/>
    <definition value="Douglas Colvin: bajo y vocalista (1974-89), (fallecido en 2002)"/>
  </concept>
  <concept>
    <code value="tommy"/>
    <display value="Tommy Ramone"/>
    <definition value="Thomas Erdelyi: batería (1974-78), (fallecido en 2014)"/>
  </concept>
  <concept>
    <code value="marky"/>
    <display value="Marky Ramone"/>
    <definition value="Marc Bell): batería (1978-83, 1987-96)"/>
  </concept>
  <concept>
    <code value="richie"/>
    <display value="Richie Ramone"/>
    <definition value="Richard Reinhardt: batería, corista (1983-87)"/>
  </concept>
  <concept>
    <code value="elvis"/>
    <display value="Elvis Ramone"/>
    <definition value="Clement Bozewski: batería (1987, solo dos conciertos)"/>
  </concept>
  <concept>
    <code value="cj"/>
    <display value="C. J. Ramone"/>
    <definition value="Christopher Joseph Ward: bajo, corista (1989-96)"/>
  </concept>
</CodeSystem>