{
  "resourceType": "CodeSystem",
  "id": "ramones",
  "text": {
    "status": "generated",
    "div": "<div xmlns=\"http://www.w3.org/1999/xhtml\"><p>This code system <code>https://www.ramones.com</code> defines the following codes:</p><table class=\"codes\"><tr><td style=\"white-space:nowrap\"><b>Code</b></td><td><b>Display</b></td><td><b>Definition</b></td></tr><tr><td style=\"white-space:nowrap\">joey<a name=\"ramones-joey\"> </a></td><td>Joey Ramone</td><td>Jeffrey Hyman: vocalista principal (1974-96) y batería (1974), (fallecido en 2001)</td></tr><tr><td style=\"white-space:nowrap\">johnny<a name=\"ramones-johnny\"> </a></td><td>Johnny Ramone</td><td>John Cummings: guitarra (1974-96), (fallecido en 2004)</td></tr><tr><td style=\"white-space:nowrap\">deedee<a name=\"ramones-deedee\"> </a></td><td>Dee Dee Ramone</td><td>Douglas Colvin: bajo y vocalista (1974-89), (fallecido en 2002)</td></tr><tr><td style=\"white-space:nowrap\">tommy<a name=\"ramones-tommy\"> </a></td><td>Tommy Ramone</td><td>Thomas Erdelyi: batería (1974-78), (fallecido en 2014)</td></tr><tr><td style=\"white-space:nowrap\">marky<a name=\"ramones-marky\"> </a></td><td>Marky Ramone</td><td>Marc Bell): batería (1978-83, 1987-96)</td></tr><tr><td style=\"white-space:nowrap\">richie<a name=\"ramones-richie\"> </a></td><td>Richie Ramone</td><td>Richard Reinhardt: batería, corista (1983-87)</td></tr><tr><td style=\"white-space:nowrap\">elvis<a name=\"ramones-elvis\"> </a></td><td>Elvis Ramone</td><td>Clement Bozewski: batería (1987, solo dos conciertos)</td></tr><tr><td style=\"white-space:nowrap\">cj<a name=\"ramones-cj\"> </a></td><td>C. J. Ramone</td><td>Christopher Joseph Ward: bajo, corista (1989-96)</td></tr></table></div>"
  },
  "url": "https://www.ramones.com",
  "version": "0.1",
  "name": "Ramones",
  "title": "Ramones Code System",
  "status": "active",
  "experimental": true,
  "date": "2023-06-27T16:25:58-05:00",
  "publisher": "HL7 Colombia - Official Affiliate of Health Level Seven International",
  "contact": [
    {
      "name": "HL7 Colombia - Official Affiliate of Health Level Seven International",
      "telecom": [
        {
          "system": "url",
          "value": "http://www.hl7co.org"
        },
        {
          "system": "email",
          "value": "nombre@example.com"
        }
      ]
    },
    {
      "name": "Carolina Rodriguez",
      "telecom": [
        {
          "system": "email",
          "value": "carolina.rodriguez@example.org",
          "use": "work"
        }
      ]
    },
    {
      "name": "Juan Pérez",
      "telecom": [
        {
          "system": "email",
          "value": "juan.perez@example.org",
          "use": "work"
        }
      ]
    }
  ],
  "description": "Codes of the members of the Punk Rock band Ramones",
  "jurisdiction": [
    {
      "coding": [
        {
          "system": "urn:iso:std:iso:3166",
          "code": "CO",
          "display": "Colombia"
        }
      ]
    }
  ],
  "purpose": "This FHIR resource type CodeSystem has been created for educational purposes.",
  "content": "complete",
  "count": 8,
  "concept": [
    {
      "code": "joey",
      "display": "Joey Ramone",
      "definition": "Jeffrey Hyman: vocalista principal (1974-96) y batería (1974), (fallecido en 2001)"
    },
    {
      "code": "johnny",
      "display": "Johnny Ramone",
      "definition": "John Cummings: guitarra (1974-96), (fallecido en 2004)"
    },
    {
      "code": "deedee",
      "display": "Dee Dee Ramone",
      "definition": "Douglas Colvin: bajo y vocalista (1974-89), (fallecido en 2002)"
    },
    {
      "code": "tommy",
      "display": "Tommy Ramone",
      "definition": "Thomas Erdelyi: batería (1974-78), (fallecido en 2014)"
    },
    {
      "code": "marky",
      "display": "Marky Ramone",
      "definition": "Marc Bell): batería (1978-83, 1987-96)"
    },
    {
      "code": "richie",
      "display": "Richie Ramone",
      "definition": "Richard Reinhardt: batería, corista (1983-87)"
    },
    {
      "code": "elvis",
      "display": "Elvis Ramone",
      "definition": "Clement Bozewski: batería (1987, solo dos conciertos)"
    },
    {
      "code": "cj",
      "display": "C. J. Ramone",
      "definition": "Christopher Joseph Ward: bajo, corista (1989-96)"
    }
  ]
}