{
  "resourceType": "CodeSystem",
  "id": "observation-status",
  "meta": {
    "lastUpdated": "2019-11-01T09:29:23.356+11:00"
  },
  "text": {
    "status": "generated",
    "div": "<div xmlns=\"http://www.w3.org/1999/xhtml\"><p>This code system <code>http://hl7.org/fhir/observation-status</code> defines the following codes:</p><table class=\"codes\"><tr><td style=\"white-space:nowrap\"><b>Code</b></td><td><b>Display</b></td><td><b>Definition</b></td></tr><tr><td style=\"white-space:nowrap\">registered<a name=\"observation-status-registered\"> </a></td><td>Registered</td><td>The existence of the observation is registered, but there is no result yet available.</td></tr><tr><td style=\"white-space:nowrap\">preliminary<a name=\"observation-status-preliminary\"> </a></td><td>Preliminary</td><td>This is an initial or interim observation: data may be incomplete or unverified.</td></tr><tr><td style=\"white-space:nowrap\">final<a name=\"observation-status-final\"> </a></td><td>Final</td><td>The observation is complete and there are no further actions needed. Additional information such &quot;released&quot;, &quot;signed&quot;, etc would be represented using [Provenance](provenance.html) which provides not only the act but also the actors and dates and other related data. These act states would be associated with an observation status of `preliminary` until they are all completed and then a status of `final` would be applied.</td></tr><tr><td style=\"white-space:nowrap\">cancelled<a name=\"observation-status-cancelled\"> </a></td><td>Cancelled</td><td>The observation is unavailable because the measurement was not started or not completed (also sometimes called &quot;aborted&quot;).</td></tr></table></div>"
  },
  "extension": [
    {
      "url": "http://hl7.org/fhir/StructureDefinition/structuredefinition-wg",
      "valueCode": "cds"
    },
    {
      "url": "http://hl7.org/fhir/StructureDefinition/structuredefinition-standards-status",
      "valueCode": "normative"
    },
    {
      "url": "http://hl7.org/fhir/StructureDefinition/structuredefinition-fmm",
      "valueInteger": 5
    },
    {
      "url": "http://hl7.org/fhir/StructureDefinition/structuredefinition-normative-version",
      "valueCode": "4.0.0"
    }
  ],
  "url": "http://hl7.org/fhir/observation-status",
  "identifier": [
    {
      "system": "urn:ietf:rfc:3986",
      "value": "urn:oid:2.16.840.1.113883.4.642.4.401"
    }
  ],
  "version": "0.1",
  "name": "ObservationStatus",
  "title": "ObservationStatus",
  "status": "active",
  "experimental": false,
  "date": "2019-11-01T09:29:23+11:00",
  "publisher": "HL7 Colombia - Official Affiliate of Health Level Seven International",
  "contact": [
    {
      "name": "HL7 Colombia - Official Affiliate of Health Level Seven International",
      "telecom": [
        {
          "system": "url",
          "value": "http://www.hl7co.org"
        },
        {
          "system": "email",
          "value": "nombre@example.com"
        }
      ]
    },
    {
      "name": "Carolina Rodriguez",
      "telecom": [
        {
          "system": "email",
          "value": "carolina.rodriguez@example.org",
          "use": "work"
        }
      ]
    },
    {
      "name": "Juan Pérez",
      "telecom": [
        {
          "system": "email",
          "value": "juan.perez@example.org",
          "use": "work"
        }
      ]
    }
  ],
  "description": "Codes providing the status of an observation.",
  "jurisdiction": [
    {
      "coding": [
        {
          "system": "urn:iso:std:iso:3166",
          "code": "CO",
          "display": "Colombia"
        }
      ]
    }
  ],
  "caseSensitive": true,
  "valueSet": "http://hl7.org/fhir/ValueSet/observation-status",
  "content": "complete",
  "count": 4,
  "concept": [
    {
      "code": "registered",
      "display": "Registered",
      "definition": "The existence of the observation is registered, but there is no result yet available."
    },
    {
      "code": "preliminary",
      "display": "Preliminary",
      "definition": "This is an initial or interim observation: data may be incomplete or unverified."
    },
    {
      "code": "final",
      "display": "Final",
      "definition": "The observation is complete and there are no further actions needed. Additional information such \"released\", \"signed\", etc would be represented using [Provenance](provenance.html) which provides not only the act but also the actors and dates and other related data. These act states would be associated with an observation status of `preliminary` until they are all completed and then a status of `final` would be applied."
    },
    {
      "code": "cancelled",
      "display": "Cancelled",
      "definition": "The observation is unavailable because the measurement was not started or not completed (also sometimes called \"aborted\")."
    }
  ]
}