<?xml version="1.0" encoding="UTF-8"?>

<CodeSystem xmlns="http://hl7.org/fhir">
  <id value="observation-status"/>
  <meta>
    <lastUpdated value="2019-11-01T09:29:23.356+11:00"/>
  </meta>
  <text>
    <status value="generated"/><div xmlns="http://www.w3.org/1999/xhtml"><p>This code system <code>http://hl7.org/fhir/observation-status</code> defines the following codes:</p><table class="codes"><tr><td style="white-space:nowrap"><b>Code</b></td><td><b>Display</b></td><td><b>Definition</b></td></tr><tr><td style="white-space:nowrap">registered<a name="observation-status-registered"> </a></td><td>Registered</td><td>The existence of the observation is registered, but there is no result yet available.</td></tr><tr><td style="white-space:nowrap">preliminary<a name="observation-status-preliminary"> </a></td><td>Preliminary</td><td>This is an initial or interim observation: data may be incomplete or unverified.</td></tr><tr><td style="white-space:nowrap">final<a name="observation-status-final"> </a></td><td>Final</td><td>The observation is complete and there are no further actions needed. Additional information such &quot;released&quot;, &quot;signed&quot;, etc would be represented using [Provenance](provenance.html) which provides not only the act but also the actors and dates and other related data. These act states would be associated with an observation status of `preliminary` until they are all completed and then a status of `final` would be applied.</td></tr><tr><td style="white-space:nowrap">cancelled<a name="observation-status-cancelled"> </a></td><td>Cancelled</td><td>The observation is unavailable because the measurement was not started or not completed (also sometimes called &quot;aborted&quot;).</td></tr></table></div>
  </text>
  <extension url="http://hl7.org/fhir/StructureDefinition/structuredefinition-wg">
    <valueCode value="cds"/>
  </extension>
  <extension url="http://hl7.org/fhir/StructureDefinition/structuredefinition-standards-status">
    <valueCode value="normative"/>
  </extension>
  <extension url="http://hl7.org/fhir/StructureDefinition/structuredefinition-fmm">
    <valueInteger value="5"/>
  </extension>
  <extension url="http://hl7.org/fhir/StructureDefinition/structuredefinition-normative-version">
    <valueCode value="4.0.0"/>
  </extension>
  <url value="http://hl7.org/fhir/observation-status"/>
  <identifier>
    <system value="urn:ietf:rfc:3986"/>
    <value value="urn:oid:2.16.840.1.113883.4.642.4.401"/>
  </identifier>
  <version value="0.1"/>
  <name value="ObservationStatus"/>
  <title value="ObservationStatus"/>
  <status value="active"/>
  <experimental value="false"/>
  <date value="2019-11-01T09:29:23+11:00"/>
  <publisher value="HL7 Colombia - Official Affiliate of Health Level Seven International"/>
  <contact>
    <name value="HL7 Colombia - Official Affiliate of Health Level Seven International"/>
    <telecom>
      <system value="url"/>
      <value value="http://www.hl7co.org"/>
    </telecom>
    <telecom>
      <system value="email"/>
      <value value="nombre@example.com"/>
    </telecom>
  </contact>
  <contact>
    <name value="Carolina Rodriguez"/>
    <telecom>
      <system value="email"/>
      <value value="carolina.rodriguez@example.org"/>
      <use value="work"/>
    </telecom>
  </contact>
  <contact>
    <name value="Juan Pérez"/>
    <telecom>
      <system value="email"/>
      <value value="juan.perez@example.org"/>
      <use value="work"/>
    </telecom>
  </contact>
  <description value="Codes providing the status of an observation."/>
  <jurisdiction>
    <coding>
      <system value="urn:iso:std:iso:3166"/>
      <code value="CO"/>
      <display value="Colombia"/>
    </coding>
  </jurisdiction>
  <caseSensitive value="true"/>
  <valueSet value="http://hl7.org/fhir/ValueSet/observation-status"/>
  <content value="complete"/>
  <count value="4"/>
  <concept>
    <code value="registered"/>
    <display value="Registered"/>
    <definition value="The existence of the observation is registered, but there is no result yet available."/>
  </concept>
  <concept>
    <code value="preliminary"/>
    <display value="Preliminary"/>
    <definition value="This is an initial or interim observation: data may be incomplete or unverified."/>
  </concept>
  <concept>
    <code value="final"/>
    <display value="Final"/>
    <definition value="The observation is complete and there are no further actions needed. Additional information such &quot;released&quot;, &quot;signed&quot;, etc would be represented using [Provenance](provenance.html) which provides not only the act but also the actors and dates and other related data. These act states would be associated with an observation status of `preliminary` until they are all completed and then a status of `final` would be applied."/>
  </concept>
  <concept>
    <code value="cancelled"/>
    <display value="Cancelled"/>
    <definition value="The observation is unavailable because the measurement was not started or not completed (also sometimes called &quot;aborted&quot;)."/>
  </concept>
</CodeSystem>