{
  "resourceType" : "Bundle",
  "id" : "f04c37c8-fa40-45f1-8d57-675c2379c25d",
  "meta" : {
    "lastUpdated" : "2023-06-27T16:25:58.179-05:00"
  },
  "type" : "collection",
  "entry" : [{
    "fullUrl" : "http://example.org/fhir/ValueSet/ramones",
    "resource" : {
      "resourceType" : "ValueSet",
      "id" : "ramones",
      "text" : {
        "status" : "generated",
        "div" : "<div xmlns=\"http://www.w3.org/1999/xhtml\"><p>This value set contains 8 concepts</p><p style=\"border: black 1px dotted; background-color: #EEEEEE; padding: 8px; margin-bottom: 8px\">Expansion based on <a href=\"CodeSystem-ramones.html\">Ramones Code System v0.1 (CodeSystem)</a></p><table class=\"codes\"><tr><td style=\"white-space:nowrap\"><b>Code</b></td><td><b>System</b></td><td><b>Display</b></td><td><b>Definition</b></td></tr><tr><td style=\"white-space:nowrap\"><a name=\"https---www.ramones.com-joey\"> </a>  <a href=\"CodeSystem-ramones.html#ramones-joey\">joey</a></td><td>https://www.ramones.com</td><td>Joey Ramone</td><td><div><p>Jeffrey Hyman: vocalista principal (1974-96) y batería (1974), (fallecido en 2001)</p>\n</div></td></tr><tr><td style=\"white-space:nowrap\"><a name=\"https---www.ramones.com-johnny\"> </a>  <a href=\"CodeSystem-ramones.html#ramones-johnny\">johnny</a></td><td>https://www.ramones.com</td><td>Johnny Ramone</td><td><div><p>John Cummings: guitarra (1974-96), (fallecido en 2004)</p>\n</div></td></tr><tr><td style=\"white-space:nowrap\"><a name=\"https---www.ramones.com-deedee\"> </a>  <a href=\"CodeSystem-ramones.html#ramones-deedee\">deedee</a></td><td>https://www.ramones.com</td><td>Dee Dee Ramone</td><td><div><p>Douglas Colvin: bajo y vocalista (1974-89), (fallecido en 2002)</p>\n</div></td></tr><tr><td style=\"white-space:nowrap\"><a name=\"https---www.ramones.com-tommy\"> </a>  <a href=\"CodeSystem-ramones.html#ramones-tommy\">tommy</a></td><td>https://www.ramones.com</td><td>Tommy Ramone</td><td><div><p>Thomas Erdelyi: batería (1974-78), (fallecido en 2014)</p>\n</div></td></tr><tr><td style=\"white-space:nowrap\"><a name=\"https---www.ramones.com-marky\"> </a>  <a href=\"CodeSystem-ramones.html#ramones-marky\">marky</a></td><td>https://www.ramones.com</td><td>Marky Ramone</td><td><div><p>Marc Bell): batería (1978-83, 1987-96)</p>\n</div></td></tr><tr><td style=\"white-space:nowrap\"><a name=\"https---www.ramones.com-richie\"> </a>  <a href=\"CodeSystem-ramones.html#ramones-richie\">richie</a></td><td>https://www.ramones.com</td><td>Richie Ramone</td><td><div><p>Richard Reinhardt: batería, corista (1983-87)</p>\n</div></td></tr><tr><td style=\"white-space:nowrap\"><a name=\"https---www.ramones.com-elvis\"> </a>  <a href=\"CodeSystem-ramones.html#ramones-elvis\">elvis</a></td><td>https://www.ramones.com</td><td>Elvis Ramone</td><td><div><p>Clement Bozewski: batería (1987, solo dos conciertos)</p>\n</div></td></tr><tr><td style=\"white-space:nowrap\"><a name=\"https---www.ramones.com-cj\"> </a>  <a href=\"CodeSystem-ramones.html#ramones-cj\">cj</a></td><td>https://www.ramones.com</td><td>C. J. Ramone</td><td><div><p>Christopher Joseph Ward: bajo, corista (1989-96)</p>\n</div></td></tr></table></div>"
      },
      "url" : "http://example.org/fhir/ValueSet/ramones",
      "version" : "0.1",
      "name" : "Ramones",
      "title" : "Ramones Value Set",
      "status" : "active",
      "experimental" : true,
      "date" : "2023-06-27T16:25:58-05:00",
      "publisher" : "HL7 Colombia - Official Affiliate of Health Level Seven International",
      "contact" : [{
        "name" : "HL7 Colombia - Official Affiliate of Health Level Seven International",
        "telecom" : [{
          "system" : "url",
          "value" : "http://www.hl7co.org"
        },
        {
          "system" : "email",
          "value" : "nombre@example.com"
        }]
      },
      {
        "name" : "Carolina Rodriguez",
        "telecom" : [{
          "system" : "email",
          "value" : "carolina.rodriguez@example.org",
          "use" : "work"
        }]
      },
      {
        "name" : "Juan Pérez",
        "telecom" : [{
          "system" : "email",
          "value" : "juan.perez@example.org",
          "use" : "work"
        }]
      }],
      "description" : "Codes of the members of the Punk Rock band Ramones",
      "jurisdiction" : [{
        "coding" : [{
          "system" : "urn:iso:std:iso:3166",
          "code" : "CO",
          "display" : "Colombia"
        }]
      }],
      "purpose" : "This FHIR resource type CodeSystem has been created for educational purposes.",
      "expansion" : {
        "identifier" : "urn:uuid:c512e38d-c23a-4b65-b109-023f7a073410",
        "timestamp" : "2023-06-27T16:27:52-05:00",
        "total" : 8,
        "parameter" : [{
          "name" : "excludeNested",
          "valueBoolean" : false
        },
        {
          "name" : "version",
          "valueUri" : "https://www.ramones.com|0.1"
        }],
        "contains" : [{
          "system" : "https://www.ramones.com",
          "code" : "joey",
          "display" : "Joey Ramone"
        },
        {
          "system" : "https://www.ramones.com",
          "code" : "johnny",
          "display" : "Johnny Ramone"
        },
        {
          "system" : "https://www.ramones.com",
          "code" : "deedee",
          "display" : "Dee Dee Ramone"
        },
        {
          "system" : "https://www.ramones.com",
          "code" : "tommy",
          "display" : "Tommy Ramone"
        },
        {
          "system" : "https://www.ramones.com",
          "code" : "marky",
          "display" : "Marky Ramone"
        },
        {
          "system" : "https://www.ramones.com",
          "code" : "richie",
          "display" : "Richie Ramone"
        },
        {
          "system" : "https://www.ramones.com",
          "code" : "elvis",
          "display" : "Elvis Ramone"
        },
        {
          "system" : "https://www.ramones.com",
          "code" : "cj",
          "display" : "C. J. Ramone"
        }]
      }
    }
  }]
}