<?xml version="1.0" encoding="UTF-8"?>

<Bundle xmlns="http://hl7.org/fhir">
  <id value="f04c37c8-fa40-45f1-8d57-675c2379c25d"/>
  <meta>
    <lastUpdated value="2023-06-27T16:25:58.179-05:00"/>
  </meta>
  <type value="collection"/>
  <entry>
    <fullUrl value="http://example.org/fhir/ValueSet/ramones"/>
    <resource>
      <ValueSet>
        <id value="ramones"/>
        <text>
          <status value="generated"/>
          <div xmlns="http://www.w3.org/1999/xhtml">
            <p>This value set contains 8 concepts</p>
            <p style="border: black 1px dotted; background-color: #EEEEEE; padding: 8px; margin-bottom: 8px">Expansion based on 
              <a href="CodeSystem-ramones.html">Ramones Code System v0.1 (CodeSystem)</a>
            </p>
            <table class="codes">
              <tr>
                <td style="white-space:nowrap">
                  <b>Code</b>
                </td>
                <td>
                  <b>System</b>
                </td>
                <td>
                  <b>Display</b>
                </td>
                <td>
                  <b>Definition</b>
                </td>
              </tr>
              <tr>
                <td style="white-space:nowrap">
                  <a name="https---www.ramones.com-joey"> </a>  
                  <a href="CodeSystem-ramones.html#ramones-joey">joey</a>
                </td>
                <td>https://www.ramones.com</td>
                <td>Joey Ramone</td>
                <td>
                  <div>
                    <p>Jeffrey Hyman: vocalista principal (1974-96) y batería (1974), (fallecido en 2001)</p>

                  </div>
                </td>
              </tr>
              <tr>
                <td style="white-space:nowrap">
                  <a name="https---www.ramones.com-johnny"> </a>  
                  <a href="CodeSystem-ramones.html#ramones-johnny">johnny</a>
                </td>
                <td>https://www.ramones.com</td>
                <td>Johnny Ramone</td>
                <td>
                  <div>
                    <p>John Cummings: guitarra (1974-96), (fallecido en 2004)</p>

                  </div>
                </td>
              </tr>
              <tr>
                <td style="white-space:nowrap">
                  <a name="https---www.ramones.com-deedee"> </a>  
                  <a href="CodeSystem-ramones.html#ramones-deedee">deedee</a>
                </td>
                <td>https://www.ramones.com</td>
                <td>Dee Dee Ramone</td>
                <td>
                  <div>
                    <p>Douglas Colvin: bajo y vocalista (1974-89), (fallecido en 2002)</p>

                  </div>
                </td>
              </tr>
              <tr>
                <td style="white-space:nowrap">
                  <a name="https---www.ramones.com-tommy"> </a>  
                  <a href="CodeSystem-ramones.html#ramones-tommy">tommy</a>
                </td>
                <td>https://www.ramones.com</td>
                <td>Tommy Ramone</td>
                <td>
                  <div>
                    <p>Thomas Erdelyi: batería (1974-78), (fallecido en 2014)</p>

                  </div>
                </td>
              </tr>
              <tr>
                <td style="white-space:nowrap">
                  <a name="https---www.ramones.com-marky"> </a>  
                  <a href="CodeSystem-ramones.html#ramones-marky">marky</a>
                </td>
                <td>https://www.ramones.com</td>
                <td>Marky Ramone</td>
                <td>
                  <div>
                    <p>Marc Bell): batería (1978-83, 1987-96)</p>

                  </div>
                </td>
              </tr>
              <tr>
                <td style="white-space:nowrap">
                  <a name="https---www.ramones.com-richie"> </a>  
                  <a href="CodeSystem-ramones.html#ramones-richie">richie</a>
                </td>
                <td>https://www.ramones.com</td>
                <td>Richie Ramone</td>
                <td>
                  <div>
                    <p>Richard Reinhardt: batería, corista (1983-87)</p>

                  </div>
                </td>
              </tr>
              <tr>
                <td style="white-space:nowrap">
                  <a name="https---www.ramones.com-elvis"> </a>  
                  <a href="CodeSystem-ramones.html#ramones-elvis">elvis</a>
                </td>
                <td>https://www.ramones.com</td>
                <td>Elvis Ramone</td>
                <td>
                  <div>
                    <p>Clement Bozewski: batería (1987, solo dos conciertos)</p>

                  </div>
                </td>
              </tr>
              <tr>
                <td style="white-space:nowrap">
                  <a name="https---www.ramones.com-cj"> </a>  
                  <a href="CodeSystem-ramones.html#ramones-cj">cj</a>
                </td>
                <td>https://www.ramones.com</td>
                <td>C. J. Ramone</td>
                <td>
                  <div>
                    <p>Christopher Joseph Ward: bajo, corista (1989-96)</p>

                  </div>
                </td>
              </tr>
            </table>
          </div>
        </text>
        <url value="http://example.org/fhir/ValueSet/ramones"/>
        <version value="0.1"/>
        <name value="Ramones"/>
        <title value="Ramones Value Set"/>
        <status value="active"/>
        <experimental value="true"/>
        <date value="2023-06-27T16:25:58-05:00"/>
        <publisher value="HL7 Colombia - Official Affiliate of Health Level Seven International"/>
        <contact>
          <name value="HL7 Colombia - Official Affiliate of Health Level Seven International"/>
          <telecom>
            <system value="url"/>
            <value value="http://www.hl7co.org"/>
          </telecom>
          <telecom>
            <system value="email"/>
            <value value="nombre@example.com"/>
          </telecom>
        </contact>
        <contact>
          <name value="Carolina Rodriguez"/>
          <telecom>
            <system value="email"/>
            <value value="carolina.rodriguez@example.org"/>
            <use value="work"/>
          </telecom>
        </contact>
        <contact>
          <name value="Juan Pérez"/>
          <telecom>
            <system value="email"/>
            <value value="juan.perez@example.org"/>
            <use value="work"/>
          </telecom>
        </contact>
        <description value="Codes of the members of the Punk Rock band Ramones"/>
        <jurisdiction>
          <coding>
            <system value="urn:iso:std:iso:3166"/>
            <code value="CO"/>
            <display value="Colombia"/>
          </coding>
        </jurisdiction>
        <purpose value="This FHIR resource type CodeSystem has been created for educational purposes."/>
        <expansion>
          <identifier value="urn:uuid:c512e38d-c23a-4b65-b109-023f7a073410"/>
          <timestamp value="2023-06-27T16:27:52-05:00"/>
          <total value="8"/>
          <parameter>
            <name value="excludeNested"/>
            <valueBoolean value="false"/>
          </parameter>
          <parameter>
            <name value="version"/>
            <valueUri value="https://www.ramones.com|0.1"/>
          </parameter>
          <contains>
            <system value="https://www.ramones.com"/>
            <code value="joey"/>
            <display value="Joey Ramone"/>
          </contains>
          <contains>
            <system value="https://www.ramones.com"/>
            <code value="johnny"/>
            <display value="Johnny Ramone"/>
          </contains>
          <contains>
            <system value="https://www.ramones.com"/>
            <code value="deedee"/>
            <display value="Dee Dee Ramone"/>
          </contains>
          <contains>
            <system value="https://www.ramones.com"/>
            <code value="tommy"/>
            <display value="Tommy Ramone"/>
          </contains>
          <contains>
            <system value="https://www.ramones.com"/>
            <code value="marky"/>
            <display value="Marky Ramone"/>
          </contains>
          <contains>
            <system value="https://www.ramones.com"/>
            <code value="richie"/>
            <display value="Richie Ramone"/>
          </contains>
          <contains>
            <system value="https://www.ramones.com"/>
            <code value="elvis"/>
            <display value="Elvis Ramone"/>
          </contains>
          <contains>
            <system value="https://www.ramones.com"/>
            <code value="cj"/>
            <display value="C. J. Ramone"/>
          </contains>
        </expansion>
      </ValueSet>
    </resource>
  </entry>
</Bundle>