{
  "resourceType": "Observation",
  "id": "cf80983e-199b-4e80-a363-13198a8573e7",
  "text": {
    "status": "generated",
    "div": "<div xmlns=\"http://www.w3.org/1999/xhtml\"><p><b>Generated Narrative: Observation</b><a name=\"cf80983e-199b-4e80-a363-13198a8573e7\"> </a></p><div style=\"display: inline-block; background-color: #d9e0e7; padding: 6px; margin: 4px; border: 1px solid #8da1b4; border-radius: 5px; line-height: 60%\"><p style=\"margin-bottom: 0px\">Resource Observation \"cf80983e-199b-4e80-a363-13198a8573e7\" </p></div><p><b>status</b>: final</p><p><b>category</b>: Vital Signs <span style=\"background: LightGoldenRodYellow; margin: 4px; border: 1px solid khaki\"> (<a href=\"http://terminology.hl7.org/4.0.0/CodeSystem-observation-category.html\">Observation Category Codes</a>#vital-signs)</span></p><p><b>code</b>: Temperatura corporal <span style=\"background: LightGoldenRodYellow; margin: 4px; border: 1px solid khaki\"> (<a href=\"https://browser.ihtsdotools.org/\">SNOMED CT</a>#386725007 \"Body temperature (observable entity)\"; <a href=\"https://loinc.org/\">LOINC</a>#8310-5 \"Body temperature\")</span></p><p><b>subject</b>: <a href=\"Patient/54ac308f-5964-4298-8f7c-93538db8a1f4\">Patient/54ac308f-5964-4298-8f7c-93538db8a1f4</a></p><p><b>effective</b>: 2023-06-16 04:30:23-0300</p><p><b>performer</b>: <a href=\"Practitioner/92d1c33d-169c-43dc-9fec-aad3f3ef3e26\">Practitioner/92d1c33d-169c-43dc-9fec-aad3f3ef3e26</a></p><p><b>value</b>: 37 ºC</p><p><b>interpretation</b>: Normal <span style=\"background: LightGoldenRodYellow; margin: 4px; border: 1px solid khaki\"> (<a href=\"http://terminology.hl7.org/4.0.0/CodeSystem-v3-ObservationInterpretation.html\">ObservationInterpretation</a>#N)</span></p><h3>ReferenceRanges</h3><table class=\"grid\"><tr><td>-</td><td><b>Low</b></td><td><b>High</b></td></tr><tr><td>*</td><td>36.5 ºC</td><td>37.3 ºC</td></tr></table></div>"
  },
  "status": "final",
  "category": [
    {
      "coding": [
        {
          "system": "http://terminology.hl7.org/CodeSystem/observation-category",
          "code": "vital-signs",
          "display": "Vital Signs"
        }
      ]
    }
  ],
  "code": {
    "coding": [
      {
        "system": "http://snomed.info/sct",
        "code": "386725007",
        "display": "Body temperature (observable entity)"
      },
      {
        "system": "http://loinc.org",
        "code": "8310-5",
        "display": "Body temperature"
      }
    ],
    "text": "Temperatura corporal"
  },
  "subject": {
    "reference": "Patient/54ac308f-5964-4298-8f7c-93538db8a1f4"
  },
  "effectiveDateTime": "2023-06-16T16:30:23-03:00",
  "performer": [
    {
      "reference": "Practitioner/92d1c33d-169c-43dc-9fec-aad3f3ef3e26"
    }
  ],
  "valueQuantity": {
    "value": 37,
    "unit": "ºC"
  },
  "interpretation": [
    {
      "coding": [
        {
          "system": "http://terminology.hl7.org/CodeSystem/v3-ObservationInterpretation",
          "code": "N",
          "display": "Normal"
        }
      ]
    }
  ],
  "referenceRange": [
    {
      "low": {
        "value": 36.5,
        "unit": "ºC"
      },
      "high": {
        "value": 37.3,
        "unit": "ºC"
      }
    }
  ]
}