{
  "resourceType": "Patient",
  "id": "c10c15fd-7290-458b-8140-ca9969118da8",
  "text": {
    "status": "generated",
    "div": "<div xmlns=\"http://www.w3.org/1999/xhtml\"><p style=\"border: 1px #661aff solid; background-color: #e6e6ff; padding: 10px;\"><b>Maria Lucía Martínez Pérez </b> female, DoB: 1986-11-19 ( Medical record number: 2f71db28d5bf)</p><hr/><table class=\"grid\"><tr><td style=\"background-color: #f3f5da\" title=\"Record is active\">Active:</td><td colspan=\"3\">true</td></tr></table></div>"
  },
  "identifier": [
    {
      "type": {
        "coding": [
          {
            "system": "http://terminology.hl7.org/CodeSystem/v2-0203",
            "code": "MR",
            "display": "Medical record number"
          }
        ]
      },
      "value": "2f71db28d5bf"
    }
  ],
  "active": true,
  "name": [
    {
      "family": "Martínez Pérez",
      "given": [
        "Maria",
        "Lucía"
      ]
    }
  ],
  "gender": "female",
  "birthDate": "1986-11-19"
}