<?xml version="1.0" encoding="UTF-8"?>

<Patient xmlns="http://hl7.org/fhir">
  <id value="c10c15fd-7290-458b-8140-ca9969118da8"/>
  <text>
    <status value="generated"/><div xmlns="http://www.w3.org/1999/xhtml"><p style="border: 1px #661aff solid; background-color: #e6e6ff; padding: 10px;"><b>Maria Lucía Martínez Pérez </b> female, DoB: 1986-11-19 ( Medical record number: 2f71db28d5bf)</p><hr/><table class="grid"><tr><td style="background-color: #f3f5da" title="Record is active">Active:</td><td colspan="3">true</td></tr></table></div>
  </text>
  <identifier>
    <type>
      <coding>
        <system value="http://terminology.hl7.org/CodeSystem/v2-0203"/>
        <code value="MR"/>
        <display value="Medical record number"/>
      </coding>
    </type>
    <value value="2f71db28d5bf"/>
  </identifier>
  <active value="true"/>
  <name>
    <family value="Martínez Pérez"/>
    <given value="Maria"/>
    <given value="Lucía"/>
  </name>
  <gender value="female"/>
  <birthDate value="1986-11-19"/>
</Patient>