{
  "resourceType": "ValueSet",
  "id": "ramones",
  "text": {
    "status": "generated",
    "div": "<div xmlns=\"http://www.w3.org/1999/xhtml\"><ul><li>Include all codes defined in <a href=\"CodeSystem-ramones.html\"><code>https://www.ramones.com</code></a></li></ul></div>"
  },
  "url": "http://example.org/fhir/ValueSet/ramones",
  "version": "0.1",
  "name": "Ramones",
  "title": "Ramones Value Set",
  "status": "active",
  "experimental": true,
  "date": "2023-06-27T16:25:58-05:00",
  "publisher": "HL7 Colombia - Official Affiliate of Health Level Seven International",
  "contact": [
    {
      "name": "HL7 Colombia - Official Affiliate of Health Level Seven International",
      "telecom": [
        {
          "system": "url",
          "value": "http://www.hl7co.org"
        },
        {
          "system": "email",
          "value": "nombre@example.com"
        }
      ]
    },
    {
      "name": "Carolina Rodriguez",
      "telecom": [
        {
          "system": "email",
          "value": "carolina.rodriguez@example.org",
          "use": "work"
        }
      ]
    },
    {
      "name": "Juan Pérez",
      "telecom": [
        {
          "system": "email",
          "value": "juan.perez@example.org",
          "use": "work"
        }
      ]
    }
  ],
  "description": "Codes of the members of the Punk Rock band Ramones",
  "jurisdiction": [
    {
      "coding": [
        {
          "system": "urn:iso:std:iso:3166",
          "code": "CO",
          "display": "Colombia"
        }
      ]
    }
  ],
  "purpose": "This FHIR resource type CodeSystem has been created for educational purposes.",
  "compose": {
    "include": [
      {
        "system": "https://www.ramones.com"
      }
    ]
  }
}