<?xml version="1.0" encoding="UTF-8"?>

<ValueSet xmlns="http://hl7.org/fhir">
  <id value="ramones"/>
  <text>
    <status value="generated"/><div xmlns="http://www.w3.org/1999/xhtml"><ul><li>Include all codes defined in <a href="CodeSystem-ramones.html"><code>https://www.ramones.com</code></a></li></ul></div>
  </text>
  <url value="http://example.org/fhir/ValueSet/ramones"/>
  <version value="0.1"/>
  <name value="Ramones"/>
  <title value="Ramones Value Set"/>
  <status value="active"/>
  <experimental value="true"/>
  <date value="2023-06-27T16:25:58-05:00"/>
  <publisher value="HL7 Colombia - Official Affiliate of Health Level Seven International"/>
  <contact>
    <name value="HL7 Colombia - Official Affiliate of Health Level Seven International"/>
    <telecom>
      <system value="url"/>
      <value value="http://www.hl7co.org"/>
    </telecom>
    <telecom>
      <system value="email"/>
      <value value="nombre@example.com"/>
    </telecom>
  </contact>
  <contact>
    <name value="Carolina Rodriguez"/>
    <telecom>
      <system value="email"/>
      <value value="carolina.rodriguez@example.org"/>
      <use value="work"/>
    </telecom>
  </contact>
  <contact>
    <name value="Juan Pérez"/>
    <telecom>
      <system value="email"/>
      <value value="juan.perez@example.org"/>
      <use value="work"/>
    </telecom>
  </contact>
  <description value="Codes of the members of the Punk Rock band Ramones"/>
  <jurisdiction>
    <coding>
      <system value="urn:iso:std:iso:3166"/>
      <code value="CO"/>
      <display value="Colombia"/>
    </coding>
  </jurisdiction>
  <purpose value="This FHIR resource type CodeSystem has been created for educational purposes."/>
  <compose>
    <include>
      <system value="https://www.ramones.com"/>
    </include>
  </compose>
</ValueSet>